{
	"format_version": "1.8.0",
	"animations": {
		"animation.crab.idle": {
			"loop": true,
			"animation_length": 1.5,
			"bones": {
				"llegs": {
					"rotation": {
						"0.0": [
							0,
							0,
							0
						],
						"0.7": [
							0,
							0,
							1.875
						],
						"1.5": [
							0,
							0,
							0
						]
					},
					"position": {
						"0.0": [
							0,
							0,
							0
						],
						"0.7": [
							0,
							0.125,
							0
						],
						"1.5": [
							0,
							0,
							0
						]
					},
					"scale": {
						"0.0": [
							1,
							1,
							1
						],
						"0.7": [
							1,
							1,
							1
						],
						"1.5": [
							1,
							1,
							1
						]
					}
				},
				"bigclaw": {
					"rotation": {
						"0.0": [
							0,
							0,
							0
						],
						"0.7": [
							-1.882075,
							-1.239275,
							1.711425
						],
						"1.5": [
							0,
							0,
							0
						]
					}
				},
				"antenna": {
					"rotation": {
						"0.0": [
							0,
							0,
							0
						],
						"0.7": [
							1.25,
							0,
							0
						],
						"1.5": [
							0,
							0,
							0
						]
					},
					"position": {
						"0.0": [
							0,
							0,
							0
						],
						"0.7": [
							0,
							1.25,
							0
						],
						"1.5": [
							0,
							0,
							0
						]
					}
				},
				"smallclaw": {
					"rotation": {
						"0.0": [
							0,
							0,
							0
						],
						"0.8": [
							-3.2975,
							-0.6625,
							2.7125
						]
					},
					"position": {
						"0.0": [
							0,
							0,
							0
						],
						"1.5": [
							0,
							0,
							0
						]
					}
				},
				"rlegs": {
					"rotation": {
						"0.0": [
							0,
							0,
							0
						],
						"0.8": [
							0,
							0,
							-1.875
						],
						"1.5": [
							0,
							0,
							0
						]
					},
					"position": {
						"0.0": [
							0,
							0,
							0
						],
						"0.8": [
							0,
							0.125,
							0
						],
						"1.5": [
							0,
							0,
							0
						]
					},
					"scale": {
						"0.0": [
							1,
							1,
							1
						],
						"0.8": [
							1,
							1,
							1
						],
						"1.5": [
							1,
							1,
							1
						]
					}
				},
				"bodybase": {
					"position": {
						"0.0": [
							0,
							0,
							0
						],
						"0.8": [
							0,
							0.125,
							0
						],
						"1.5": [
							0,
							0,
							0
						]
					}
				},
				"bigclawtop": {
					"rotation": {
						"0.0": [
							0,
							0,
							0
						],
						"0.7": [
							-1.245275,
							-0.1088,
							-1.245275
						],
						"1.5": [
							0,
							0,
							0
						]
					},
					"position": {
						"0.0": [
							0,
							0,
							0
						],
						"1.5": [
							0,
							0,
							0
						]
					},
					"scale": {
						"0.0": [
							1,
							1,
							1
						],
						"1.5": [
							1,
							1,
							1
						]
					}
				}
			}
		},
		"animation.crab.attack2click": {
			"loop": true,
			"animation_length": 1.33333,
			"override_previous_animation": true,
			"bones": {
				"crab": {
					"rotation": {
						"0.0": [
							0,
							0,
							0
						],
						"0.375": [
							-7.5,
							22.5,
							-15
						],
						"1.0": [
							-7.5,
							22.5,
							-15
						],
						"1.2917": [
							0,
							0,
							0
						]
					},
					"position": {
						"0.0": [
							0,
							0,
							0
						],
						"0.375": [
							0,
							2,
							0
						],
						"1.0": [
							0,
							2,
							0
						],
						"1.2917": [
							0,
							0,
							0
						]
					},
					"scale": {
						"0.0": [
							1,
							1,
							1
						],
						"1.2917": [
							1,
							1,
							1
						]
					}
				},
				"bigclaw": {
					"rotation": {
						"0.0": [
							0,
							0,
							0
						],
						"0.4583": [
							-17.5,
							0,
							0
						],
						"1.0": [
							-17.5,
							0,
							0
						],
						"1.2917": [
							0,
							0,
							0
						]
					},
					"position": {
						"0.0": [
							0,
							0,
							0
						],
						"0.4583": [
							0,
							0,
							-4
						],
						"1.0": [
							0,
							0,
							-4
						],
						"1.2917": [
							0,
							0,
							0
						]
					},
					"scale": {
						"0.0": [
							1,
							1,
							1
						],
						"1.2917": [
							1,
							1,
							1
						]
					}
				},
				"smallclaw": {
					"rotation": {
						"0.0": [
							0,
							0,
							0
						],
						"0.3333": [
							-12.5,
							0,
							0
						],
						"1.0": [
							-12.5,
							0,
							0
						],
						"1.2917": [
							0,
							0,
							0
						]
					}
				},
				"rlegs": {
					"scale": {
						"0.0": [
							1,
							1,
							1
						],
						"0.375": [
							1,
							1.7,
							1
						],
						"1.0": [
							1,
							1.7,
							1
						],
						"1.2917": [
							1,
							1,
							1
						]
					}
				},
				"llegs": {
					"rotation": {
						"0.0": [
							0,
							0,
							0
						],
						"0.375": [
							0,
							0,
							32.5
						],
						"1.0": [
							0,
							0,
							32.5
						],
						"1.2917": [
							0,
							0,
							0
						]
					},
					"position": {
						"0.0": [
							0,
							0,
							0
						],
						"0.375": [
							-0.3,
							-1,
							0
						],
						"1.0": [
							-0.3,
							-1,
							0
						],
						"1.2917": [
							0,
							0,
							0
						]
					},
					"scale": {
						"0.0": [
							1,
							1,
							1
						],
						"0.375": [
							3.1,
							3.5,
							1
						],
						"1.0": [
							3.1,
							3.5,
							1
						],
						"1.2917": [
							1,
							1,
							1
						]
					}
				},
				"bigclawtop": {
					"rotation": {
						"0.0": [
							0,
							0,
							0
						],
						"0.5": [
							-9.85108,
							-1.72794,
							-9.85108
						],
						"0.625": [
							0,
							0,
							0
						],
						"0.75": [
							-9.85108,
							-1.72794,
							-9.85108
						],
						"0.875": [
							0,
							0,
							0
						],
						"1.2083": [
							0,
							0,
							0
						]
					}
				}
			}
		},
		"animation.crab.attack1click": {
			"loop": true,
			"animation_length": 1,
			"override_previous_animation": true,
			"bones": {
				"crab": {
					"rotation": {
						"0.0": [
							0,
							0,
							0
						],
						"0.25": [
							-7.5,
							22.5,
							-15
						],
						"0.5": [
							-7.5,
							22.5,
							-15
						],
						"0.9167": [
							0,
							0,
							0
						]
					},
					"position": {
						"0.0": [
							0,
							0,
							0
						],
						"0.25": [
							0,
							2,
							0
						],
						"0.5": [
							0,
							2,
							0
						],
						"0.9167": [
							0,
							0,
							0
						]
					},
					"scale": {
						"0.0": [
							1,
							1,
							1
						],
						"0.9167": [
							1,
							1,
							1
						]
					}
				},
				"bigclaw": {
					"rotation": {
						"0.0": [
							0,
							0,
							0
						],
						"0.3333": [
							-17.5,
							0,
							0
						],
						"0.5": [
							-17.5,
							0,
							0
						],
						"0.9167": [
							0,
							0,
							0
						]
					},
					"position": {
						"0.0": [
							0,
							0,
							0
						],
						"0.3333": [
							0,
							0,
							-4
						],
						"0.5": [
							0,
							0,
							-4
						],
						"0.9167": [
							0,
							0,
							0
						]
					},
					"scale": {
						"0.0": [
							1,
							1,
							1
						],
						"0.9167": [
							1,
							1,
							1
						]
					}
				},
				"rlegs": {
					"scale": {
						"0.0": [
							1,
							1,
							1
						],
						"0.25": [
							1,
							1.7,
							1
						],
						"0.5": [
							1,
							1.7,
							1
						],
						"0.9167": [
							1,
							1,
							1
						]
					}
				},
				"llegs": {
					"rotation": {
						"0.0": [
							0,
							0,
							0
						],
						"0.25": [
							0,
							0,
							32.5
						],